{"global_step":996,"_timestamp":1.738881528525355e+09,"_runtime":287.696139697,"_step":248,"_wandb":{"runtime":292},"loss":839.7930908203125,"epoch":1}